{"train_loss": 0.3576939105987549, "epoch": 1, "trainer/global_step": 27, "_timestamp": 1681293236.0338836, "_runtime": 102.38708066940308, "_step": 3, "val_loss": 0.30324333906173706}