{"train_loss": 0.5303320288658142, "epoch": 1, "trainer/global_step": 23, "_timestamp": 1681323341.7740214, "_runtime": 217.33824348449707, "_step": 3, "val_loss": 0.7064822316169739}